{
    "$schema": "https://schema.management.azure.com/schemas/2015-01-01/deploymentParameters.json#",
    "contentVersion": "1.0.0.0",
    "parameters": {
        "botId": {
            "value": "BudAi_TheStudentTwin"
        },
        "sku": {
            "value": "F0"
        },
        "appType": {
            "value": "MultiTenant"
        },
        "msAppId": {
            "value": ""
        },
        "msAppPassword": {
            "value": ""
        },
        "tenantId": {
            "value": ""
        },
        "msiResourceId": {
            "value": ""
        },
        "resourceTags": {
            "value": {}
        }
    }
}